"0","wine_reds$pH_quartiles <- cut_quartiles('density')"
"0","plot_tri_var('alcohol', 'fixed.acidity', 'density_quartiles') +"
"0","  xlab(expression(Alcohol~('%'))) + "
"0","  ylab(expression(Fixed~Acidity~(g~dm^{-3}))) + "
"0","  ggtitle('Density vs Fixed Acidity and Alcohol') +"
"0","  scale_color_brewer(name = expression(Density~(g~cm^{-3})), type = 'seq', palette = 'Reds') +"
"0","  theme(panel.grid.major = element_blank(),"
"0","        panel.grid.minor = element_blank(),"
"0","        panel.background = element_blank())"
