"0","ggplot(aes(x = quality), data = wine_reds) + "
"0","  geom_bar(aes(y = (..count..)/sum(..count..))) +"
"0","  geom_text(aes(y = ((..count..)/sum(..count..)), "
"0","            label = scales::percent((..count..)/sum(..count..))), "
"0","            stat = ""count"", "
"0","            vjust = -0.25) +"
"0","  scale_y_continuous(labels = scales::percent) + "
"0","  xlab('Quality') + "
"0","  ylab('Percent') + "
"0","  ggtitle('Quality Relative Frequency Histogram') +"
"0","  theme(panel.grid.major = element_blank(), "
"0","        panel.grid.minor = element_blank(),"
"0","        panel.background = element_blank())"
