{"chunk_definitions":[{"chunk_id":"cvlb5iuhz0b07","chunk_label":"unnamed-chunk-1","document_id":"5561326C","expansion_state":0,"options":{"engine":"r","label":"packages","message":false},"row":24,"row_count":1,"visible":true},{"chunk_id":"cdj1y1sijycqn","chunk_label":"unnamed-chunk-2","document_id":"5561326C","expansion_state":0,"options":{"engine":"r","label":"unnamed-chunk-1"},"row":29,"row_count":1,"visible":true},{"chunk_id":"cc9izbt9vg871","chunk_label":"unnamed-chunk-3","document_id":"5561326C","expansion_state":0,"options":{"engine":"r","label":"Data_Dimensions"},"row":37,"row_count":1,"visible":true},{"chunk_id":"cuvlhqsmicag9","chunk_label":"unnamed-chunk-4","document_id":"5561326C","expansion_state":0,"options":{"engine":"r","label":"Data_Structure"},"row":43,"row_count":1,"visible":true},{"chunk_id":"chhvrc5tqiw06","chunk_label":"unnamed-chunk-5","document_id":"5561326C","expansion_state":0,"options":{"engine":"r","label":"Data_Summary"},"row":47,"row_count":1,"visible":true},{"chunk_id":"cpopdmxj64f83","chunk_label":"unnamed-chunk-6","document_id":"5561326C","expansion_state":0,"options":{"engine":"r","label":"unnamed-chunk-2"},"row":57,"row_count":1,"visible":true},{"chunk_id":"c14mttn7aya3h","chunk_label":"unnamed-chunk-7","document_id":"5561326C","expansion_state":0,"options":{"engine":"r","label":"unnamed-chunk-3"},"row":63,"row_count":1,"visible":true},{"chunk_id":"cpz747gyu159l","chunk_label":"unnamed-chunk-8","document_id":"5561326C","expansion_state":0,"options":{"engine":"r","label":"unnamed-chunk-4"},"row":73,"row_count":1,"visible":true},{"chunk_id":"c6m3c50hg6poi","chunk_label":"unnamed-chunk-9","document_id":"5561326C","expansion_state":0,"options":{"engine":"r","label":"unnamed-chunk-5"},"row":84,"row_count":1,"visible":true},{"chunk_id":"ch8q9u7pzl5hl","chunk_label":"unnamed-chunk-10","document_id":"5561326C","expansion_state":0,"options":{"engine":"r","label":"unnamed-chunk-6"},"row":95,"row_count":1,"visible":true},{"chunk_id":"ca8km588dsdq9","chunk_label":"unnamed-chunk-11","document_id":"5561326C","expansion_state":0,"options":{"engine":"r","label":"unnamed-chunk-7"},"row":100,"row_count":1,"visible":true},{"chunk_id":"cme88j3igtldz","chunk_label":"unnamed-chunk-12","document_id":"5561326C","expansion_state":0,"options":{"engine":"r","label":"unnamed-chunk-8"},"row":111,"row_count":1,"visible":true},{"chunk_id":"ca6gr44un85uf","chunk_label":"unnamed-chunk-13","document_id":"5561326C","expansion_state":0,"options":{"engine":"r","label":"unnamed-chunk-9"},"row":121,"row_count":1,"visible":true},{"chunk_id":"cib1wiirxk8vg","chunk_label":"unnamed-chunk-14","document_id":"5561326C","expansion_state":0,"options":{"engine":"r","label":"unnamed-chunk-10"},"row":129,"row_count":1,"visible":true},{"chunk_id":"cee8wicoq93d7","chunk_label":"unnamed-chunk-15","document_id":"5561326C","expansion_state":0,"options":{"engine":"r","label":"unnamed-chunk-11"},"row":139,"row_count":1,"visible":true},{"chunk_id":"c4u7g7e8f01mh","chunk_label":"unnamed-chunk-16","document_id":"5561326C","expansion_state":0,"options":{"engine":"r","label":"unnamed-chunk-12"},"row":148,"row_count":1,"visible":true},{"chunk_id":"csm5xcix7jzxp","chunk_label":"unnamed-chunk-17","document_id":"5561326C","expansion_state":0,"options":{"engine":"r","label":"unnamed-chunk-13"},"row":158,"row_count":1,"visible":true},{"chunk_id":"crrx02k9qk0pe","chunk_label":"unnamed-chunk-18","document_id":"5561326C","expansion_state":0,"options":{"engine":"r","label":"unnamed-chunk-14"},"row":168,"row_count":1,"visible":true},{"chunk_id":"ca6wort0r6bz4","chunk_label":"unnamed-chunk-19","document_id":"5561326C","expansion_state":0,"options":{"engine":"r","label":"unnamed-chunk-15"},"row":177,"row_count":1,"visible":true},{"chunk_id":"csozi1mifkxhm","chunk_label":"unnamed-chunk-20","document_id":"5561326C","expansion_state":0,"options":{"engine":"r","label":"unnamed-chunk-16"},"row":222,"row_count":1,"visible":true},{"chunk_id":"crp3usynqkgtp","chunk_label":"unnamed-chunk-21","document_id":"5561326C","expansion_state":0,"options":{"engine":"r","label":"unnamed-chunk-17"},"row":227,"row_count":1,"visible":true},{"chunk_id":"c1miowpgevfyn","chunk_label":"unnamed-chunk-22","document_id":"5561326C","expansion_state":0,"options":{"engine":"r","label":"unnamed-chunk-18"},"row":233,"row_count":1,"visible":true},{"chunk_id":"cl67jpykgnjes","chunk_label":"unnamed-chunk-23","document_id":"5561326C","expansion_state":0,"options":{"engine":"r","label":"unnamed-chunk-19"},"row":240,"row_count":1,"visible":true},{"chunk_id":"cv6bj9aicb5pg","chunk_label":"unnamed-chunk-24","document_id":"5561326C","expansion_state":0,"options":{"engine":"r","label":"unnamed-chunk-20"},"row":246,"row_count":1,"visible":true},{"chunk_id":"cu0kvalfar66p","chunk_label":"unnamed-chunk-25","document_id":"5561326C","expansion_state":0,"options":{"engine":"r","label":"unnamed-chunk-21"},"row":256,"row_count":1,"visible":true},{"chunk_id":"ckl4gpwz7tz9i","chunk_label":"unnamed-chunk-26","document_id":"5561326C","expansion_state":0,"options":{"engine":"r","label":"unnamed-chunk-22"},"row":263,"row_count":1,"visible":true},{"chunk_id":"cbrgdmdpw0cyr","chunk_label":"unnamed-chunk-27","document_id":"5561326C","expansion_state":0,"options":{"engine":"r","label":"unnamed-chunk-23"},"row":271,"row_count":1,"visible":true},{"chunk_id":"cnnzcwhvqbi7j","chunk_label":"unnamed-chunk-28","document_id":"5561326C","expansion_state":0,"options":{"engine":"r","label":"unnamed-chunk-24"},"row":279,"row_count":1,"visible":true},{"chunk_id":"clw2hdpzadb3r","chunk_label":"unnamed-chunk-29","document_id":"5561326C","expansion_state":0,"options":{"engine":"r","label":"unnamed-chunk-25"},"row":286,"row_count":1,"visible":true},{"chunk_id":"c4oq3q39u6t9v","chunk_label":"unnamed-chunk-30","document_id":"5561326C","expansion_state":0,"options":{"engine":"r","label":"unnamed-chunk-26"},"row":293,"row_count":1,"visible":true},{"chunk_id":"ckjsduu55312n","chunk_label":"unnamed-chunk-31","document_id":"5561326C","expansion_state":0,"options":{"engine":"r","label":"unnamed-chunk-27"},"row":301,"row_count":1,"visible":true},{"chunk_id":"ci381dgq6qck2","chunk_label":"unnamed-chunk-32","document_id":"5561326C","expansion_state":0,"options":{"engine":"r","label":"unnamed-chunk-28"},"row":313,"row_count":1,"visible":true},{"chunk_id":"cwvowg61wplgf","chunk_label":"unnamed-chunk-33","document_id":"5561326C","expansion_state":0,"options":{"engine":"r","label":"unnamed-chunk-29"},"row":323,"row_count":1,"visible":true},{"chunk_id":"cddcu3u3c47ta","chunk_label":"unnamed-chunk-34","document_id":"5561326C","expansion_state":0,"options":{"engine":"r","label":"unnamed-chunk-30"},"row":329,"row_count":1,"visible":true},{"chunk_id":"cmfzu87c3nr7p","chunk_label":"unnamed-chunk-35","document_id":"5561326C","expansion_state":0,"options":{"engine":"r","label":"unnamed-chunk-31"},"row":337,"row_count":1,"visible":true},{"chunk_id":"cmuw6j9ltj1jg","chunk_label":"unnamed-chunk-36","document_id":"5561326C","expansion_state":0,"options":{"engine":"r","label":"unnamed-chunk-32"},"row":347,"row_count":1,"visible":true},{"chunk_id":"cf8vpng58sd1z","chunk_label":"unnamed-chunk-37","document_id":"5561326C","expansion_state":0,"options":{"engine":"r","label":"unnamed-chunk-33"},"row":356,"row_count":1,"visible":true},{"chunk_id":"c8hvn8p1h7pwn","chunk_label":"unnamed-chunk-38","document_id":"5561326C","expansion_state":0,"options":{"engine":"r","label":"unnamed-chunk-34"},"row":365,"row_count":1,"visible":true},{"chunk_id":"ct4eple2edi21","chunk_label":"unnamed-chunk-39","document_id":"5561326C","expansion_state":0,"options":{"engine":"r","label":"unnamed-chunk-35"},"row":373,"row_count":1,"visible":true},{"chunk_id":"c06stck8jcvo8","chunk_label":"unnamed-chunk-40","document_id":"5561326C","expansion_state":0,"options":{"engine":"r","label":"unnamed-chunk-36"},"row":416,"row_count":1,"visible":true},{"chunk_id":"cobq0knbbzvtq","chunk_label":"unnamed-chunk-41","document_id":"5561326C","expansion_state":0,"options":{"engine":"r","label":"unnamed-chunk-37"},"row":421,"row_count":1,"visible":true},{"chunk_id":"cs3nxab9ueuza","chunk_label":"unnamed-chunk-42","document_id":"5561326C","expansion_state":0,"options":{"engine":"r","label":"unnamed-chunk-38"},"row":428,"row_count":1,"visible":true},{"chunk_id":"covzsqqsk81pr","chunk_label":"unnamed-chunk-43","document_id":"5561326C","expansion_state":0,"options":{"engine":"r","label":"unnamed-chunk-39"},"row":435,"row_count":1,"visible":true},{"chunk_id":"cqrbpt4hdtxg8","chunk_label":"unnamed-chunk-44","document_id":"5561326C","expansion_state":0,"options":{"engine":"r","label":"unnamed-chunk-40"},"row":443,"row_count":1,"visible":true},{"chunk_id":"czrwohs3yvnu3","chunk_label":"unnamed-chunk-45","document_id":"5561326C","expansion_state":0,"options":{"engine":"r","label":"unnamed-chunk-41"},"row":450,"row_count":1,"visible":true},{"chunk_id":"ckmtlzp6ff7gi","chunk_label":"unnamed-chunk-46","document_id":"5561326C","expansion_state":0,"options":{"engine":"r","label":"unnamed-chunk-42"},"row":457,"row_count":1,"visible":true},{"chunk_id":"cxgbx4d8u9m1r","chunk_label":"unnamed-chunk-47","document_id":"5561326C","expansion_state":0,"options":{"engine":"r","label":"unnamed-chunk-43"},"row":473,"row_count":1,"visible":true},{"chunk_id":"cqrbhy7dmta4p","chunk_label":"unnamed-chunk-48","document_id":"5561326C","expansion_state":0,"options":{"engine":"r","label":"unnamed-chunk-44"},"row":484,"row_count":1,"visible":true},{"chunk_id":"covcksc4vnp9j","chunk_label":"unnamed-chunk-49","document_id":"5561326C","expansion_state":0,"options":{"engine":"r","label":"unnamed-chunk-45"},"row":490,"row_count":1,"visible":true},{"chunk_id":"c4j70hjqidw8d","chunk_label":"unnamed-chunk-50","document_id":"5561326C","expansion_state":0,"options":{"engine":"r","label":"unnamed-chunk-46"},"row":498,"row_count":1,"visible":true},{"chunk_id":"c7c9bpxl01giw","chunk_label":"unnamed-chunk-51","document_id":"5561326C","expansion_state":0,"options":{"engine":"r","label":"unnamed-chunk-47"},"row":518,"row_count":1,"visible":true},{"chunk_id":"cqrz4wtwzugkk","chunk_label":"unnamed-chunk-52","document_id":"5561326C","expansion_state":0,"options":{"engine":"r","label":"unnamed-chunk-48","message":false},"row":552,"row_count":1,"visible":true},{"chunk_id":"cpgqee9e8qq3v","chunk_label":"unnamed-chunk-53","document_id":"5561326C","expansion_state":0,"options":{"engine":"r","label":"unnamed-chunk-49","message":false},"row":570,"row_count":1,"visible":true},{"chunk_id":"c0x0gqy89dwjj","chunk_label":"unnamed-chunk-54","document_id":"5561326C","expansion_state":0,"options":{"engine":"r","label":"unnamed-chunk-50","message":false},"row":585,"row_count":1,"visible":true}],"chunk_rendered_width":400,"doc_write_time":1546476095}