{"chunk_definitions":[{"chunk_id":"c6ze5tse3fv67","chunk_label":"unnamed-chunk-1","document_id":"1076EFF5","expansion_state":0,"options":{"engine":"r","label":"packages","message":false},"row":26,"row_count":1,"visible":true},{"chunk_id":"chpk383ds9x4b","chunk_label":"unnamed-chunk-2","document_id":"1076EFF5","expansion_state":0,"options":{"engine":"r","label":"unnamed-chunk-56"},"row":31,"row_count":1,"visible":true},{"chunk_id":"cawccskknofuk","chunk_label":"unnamed-chunk-3","document_id":"1076EFF5","expansion_state":0,"options":{"engine":"r","label":"Data_Dimensions"},"row":39,"row_count":1,"visible":true},{"chunk_id":"cfeq8eqpkrfy4","chunk_label":"unnamed-chunk-4","document_id":"1076EFF5","expansion_state":0,"options":{"engine":"r","label":"Data_Structure"},"row":45,"row_count":1,"visible":true},{"chunk_id":"cxs80v8o6l22p","chunk_label":"unnamed-chunk-5","document_id":"1076EFF5","expansion_state":0,"options":{"engine":"r","label":"Data_Summary"},"row":49,"row_count":1,"visible":true},{"chunk_id":"cpgph0ezlpboi","chunk_label":"unnamed-chunk-6","document_id":"1076EFF5","expansion_state":0,"options":{"engine":"r","label":"unnamed-chunk-57"},"row":59,"row_count":1,"visible":true},{"chunk_id":"cein99hr243c9","chunk_label":"unnamed-chunk-7","document_id":"1076EFF5","expansion_state":0,"options":{"engine":"r","label":"unnamed-chunk-58"},"row":65,"row_count":1,"visible":true},{"chunk_id":"cvohea7kuuz05","chunk_label":"unnamed-chunk-8","document_id":null,"expansion_state":0,"options":[],"row":74,"row_count":1,"visible":true},{"chunk_id":"cp2nohn73ozdk","chunk_label":"unnamed-chunk-8","document_id":"1076EFF5","expansion_state":0,"options":{"engine":"r","label":"unnamed-chunk-59"},"row":75,"row_count":1,"visible":true},{"chunk_id":"csy94v4iafzxo","chunk_label":"unnamed-chunk-9","document_id":"1076EFF5","expansion_state":0,"options":{"engine":"r","label":"unnamed-chunk-60"},"row":86,"row_count":1,"visible":true},{"chunk_id":"csfnxucblg4sk","chunk_label":"unnamed-chunk-10","document_id":"1076EFF5","expansion_state":0,"options":{"engine":"r","label":"unnamed-chunk-61"},"row":97,"row_count":1,"visible":true},{"chunk_id":"cdalliqg5tfr1","chunk_label":"unnamed-chunk-11","document_id":"1076EFF5","expansion_state":0,"options":{"engine":"r","label":"unnamed-chunk-62"},"row":102,"row_count":1,"visible":true},{"chunk_id":"cpro3lratngpn","chunk_label":"unnamed-chunk-12","document_id":"1076EFF5","expansion_state":0,"options":{"engine":"r","label":"unnamed-chunk-63"},"row":113,"row_count":1,"visible":true},{"chunk_id":"c71r0bvl8ryrq","chunk_label":"unnamed-chunk-13","document_id":null,"expansion_state":0,"options":[],"row":122,"row_count":1,"visible":true},{"chunk_id":"c8i7n4mcbzty2","chunk_label":"unnamed-chunk-13","document_id":"1076EFF5","expansion_state":0,"options":{"engine":"r","label":"unnamed-chunk-64"},"row":123,"row_count":1,"visible":true},{"chunk_id":"c9g3azh4clvg8","chunk_label":"unnamed-chunk-14","document_id":"1076EFF5","expansion_state":0,"options":{"engine":"r","label":"unnamed-chunk-65"},"row":131,"row_count":1,"visible":true},{"chunk_id":"c6p3h1ftiyj9i","chunk_label":"unnamed-chunk-15","document_id":null,"expansion_state":0,"options":[],"row":140,"row_count":1,"visible":true},{"chunk_id":"cbqnj4gznn1gs","chunk_label":"unnamed-chunk-15","document_id":"1076EFF5","expansion_state":0,"options":{"engine":"r","label":"unnamed-chunk-66"},"row":141,"row_count":1,"visible":true},{"chunk_id":"czlj907kxh58v","chunk_label":"unnamed-chunk-16","document_id":null,"expansion_state":0,"options":{"engine":"r","label":"unnamed-chunk-67"},"row":150,"row_count":1,"visible":true},{"chunk_id":"cyjtynv74umqa","chunk_label":"unnamed-chunk-17","document_id":null,"expansion_state":0,"options":[],"row":159,"row_count":1,"visible":true},{"chunk_id":"ci8ew00c552ge","chunk_label":"unnamed-chunk-17","document_id":"1076EFF5","expansion_state":0,"options":{"engine":"r","label":"unnamed-chunk-68"},"row":160,"row_count":1,"visible":true},{"chunk_id":"czx6apwd4rqr7","chunk_label":"unnamed-chunk-18","document_id":null,"expansion_state":0,"options":[],"row":169,"row_count":1,"visible":true},{"chunk_id":"c2rvxepvc9m88","chunk_label":"unnamed-chunk-18","document_id":"1076EFF5","expansion_state":0,"options":{"engine":"r","label":"unnamed-chunk-69"},"row":170,"row_count":1,"visible":true},{"chunk_id":"c5uu711jm88tb","chunk_label":"unnamed-chunk-19","document_id":null,"expansion_state":0,"options":{"engine":"r","label":"unnamed-chunk-70"},"row":179,"row_count":1,"visible":true},{"chunk_id":"cl9zunetqyy68","chunk_label":"unnamed-chunk-20","document_id":"1076EFF5","expansion_state":0,"options":{"engine":"r","label":"unnamed-chunk-71"},"row":224,"row_count":1,"visible":true},{"chunk_id":"c7bhfvr7lvbyt","chunk_label":"unnamed-chunk-21","document_id":"1076EFF5","expansion_state":0,"options":{"engine":"r","label":"unnamed-chunk-72"},"row":229,"row_count":1,"visible":true},{"chunk_id":"cokk5h9dmkbfj","chunk_label":"unnamed-chunk-22","document_id":"1076EFF5","expansion_state":0,"options":{"engine":"r","label":"unnamed-chunk-73"},"row":235,"row_count":1,"visible":true},{"chunk_id":"cmno52thactwg","chunk_label":"unnamed-chunk-23","document_id":"1076EFF5","expansion_state":0,"options":{"engine":"r","label":"unnamed-chunk-74"},"row":242,"row_count":1,"visible":true},{"chunk_id":"co75lm9rsax3k","chunk_label":"unnamed-chunk-24","document_id":"1076EFF5","expansion_state":0,"options":{"engine":"r","label":"unnamed-chunk-75"},"row":248,"row_count":1,"visible":true},{"chunk_id":"c1tfuiaz9vpcr","chunk_label":"unnamed-chunk-25","document_id":"1076EFF5","expansion_state":0,"options":{"engine":"r","label":"unnamed-chunk-76"},"row":258,"row_count":1,"visible":true},{"chunk_id":"cttcg5g68gj6r","chunk_label":"unnamed-chunk-26","document_id":"1076EFF5","expansion_state":0,"options":{"engine":"r","label":"unnamed-chunk-77"},"row":265,"row_count":1,"visible":true},{"chunk_id":"c86nozx3xrc00","chunk_label":"unnamed-chunk-27","document_id":"1076EFF5","expansion_state":0,"options":{"engine":"r","label":"unnamed-chunk-78"},"row":273,"row_count":1,"visible":true},{"chunk_id":"c66g788ec4ikd","chunk_label":"unnamed-chunk-28","document_id":"1076EFF5","expansion_state":0,"options":{"engine":"r","label":"unnamed-chunk-79"},"row":281,"row_count":1,"visible":true},{"chunk_id":"cum87eh5mpk5a","chunk_label":"unnamed-chunk-29","document_id":"1076EFF5","expansion_state":0,"options":{"engine":"r","label":"unnamed-chunk-80"},"row":288,"row_count":1,"visible":true},{"chunk_id":"cvsipuu0pzppq","chunk_label":"unnamed-chunk-30","document_id":"1076EFF5","expansion_state":0,"options":{"engine":"r","label":"unnamed-chunk-81"},"row":295,"row_count":1,"visible":true},{"chunk_id":"c5qay5863cuxj","chunk_label":"unnamed-chunk-31","document_id":"1076EFF5","expansion_state":0,"options":{"engine":"r","label":"unnamed-chunk-82"},"row":303,"row_count":1,"visible":true},{"chunk_id":"ct7dx22dle2jj","chunk_label":"unnamed-chunk-32","document_id":"1076EFF5","expansion_state":0,"options":{"engine":"r","label":"unnamed-chunk-83"},"row":315,"row_count":1,"visible":true},{"chunk_id":"c35f91l9ob1dx","chunk_label":"unnamed-chunk-33","document_id":null,"expansion_state":0,"options":[],"row":324,"row_count":1,"visible":true},{"chunk_id":"c1zoanznedxtd","chunk_label":"unnamed-chunk-33","document_id":"1076EFF5","expansion_state":0,"options":{"engine":"r","label":"unnamed-chunk-84"},"row":325,"row_count":1,"visible":true},{"chunk_id":"c7dsg3vkojw6p","chunk_label":"unnamed-chunk-34","document_id":"1076EFF5","expansion_state":0,"options":{"engine":"r","label":"unnamed-chunk-85"},"row":331,"row_count":1,"visible":true},{"chunk_id":"czxkpppipcwf6","chunk_label":"unnamed-chunk-35","document_id":"1076EFF5","expansion_state":0,"options":{"engine":"r","label":"unnamed-chunk-86"},"row":339,"row_count":1,"visible":true},{"chunk_id":"cwp4ej4t3628t","chunk_label":"unnamed-chunk-36","document_id":null,"expansion_state":0,"options":[],"row":348,"row_count":1,"visible":true},{"chunk_id":"cl4kabt4xenq8","chunk_label":"unnamed-chunk-36","document_id":"1076EFF5","expansion_state":0,"options":{"engine":"r","label":"unnamed-chunk-87"},"row":349,"row_count":1,"visible":true},{"chunk_id":"c0j72z7taap7s","chunk_label":"unnamed-chunk-37","document_id":null,"expansion_state":0,"options":{"engine":"r","label":"unnamed-chunk-88"},"row":358,"row_count":1,"visible":true},{"chunk_id":"cwhz5ln7n2esc","chunk_label":"unnamed-chunk-38","document_id":"1076EFF5","expansion_state":0,"options":{"engine":"r","label":"unnamed-chunk-89"},"row":367,"row_count":1,"visible":true},{"chunk_id":"clgjss6ryofpd","chunk_label":"unnamed-chunk-39","document_id":"1076EFF5","expansion_state":0,"options":{"engine":"r","label":"unnamed-chunk-90"},"row":375,"row_count":1,"visible":true},{"chunk_id":"cexhio5yr9lzp","chunk_label":"unnamed-chunk-40","document_id":"1076EFF5","expansion_state":0,"options":{"engine":"r","label":"unnamed-chunk-91"},"row":418,"row_count":1,"visible":true},{"chunk_id":"c78wl8o3kq8tj","chunk_label":"unnamed-chunk-41","document_id":"1076EFF5","expansion_state":0,"options":{"engine":"r","label":"unnamed-chunk-92"},"row":423,"row_count":1,"visible":true},{"chunk_id":"cpeue783afrs4","chunk_label":"unnamed-chunk-42","document_id":"1076EFF5","expansion_state":0,"options":{"engine":"r","label":"unnamed-chunk-93"},"row":430,"row_count":1,"visible":true},{"chunk_id":"cd0mah90ko9ab","chunk_label":"unnamed-chunk-43","document_id":"1076EFF5","expansion_state":0,"options":{"engine":"r","label":"unnamed-chunk-94"},"row":437,"row_count":1,"visible":true},{"chunk_id":"cmng2yo28vn6m","chunk_label":"unnamed-chunk-44","document_id":"1076EFF5","expansion_state":0,"options":{"engine":"r","label":"unnamed-chunk-95"},"row":445,"row_count":1,"visible":true},{"chunk_id":"chax1n2wfu5op","chunk_label":"unnamed-chunk-45","document_id":"1076EFF5","expansion_state":0,"options":{"engine":"r","label":"unnamed-chunk-96"},"row":452,"row_count":1,"visible":true},{"chunk_id":"ceqlcfi5rey3s","chunk_label":"unnamed-chunk-46","document_id":"1076EFF5","expansion_state":0,"options":{"engine":"r","label":"unnamed-chunk-97"},"row":459,"row_count":1,"visible":true},{"chunk_id":"cdft81lwdj5h9","chunk_label":"unnamed-chunk-47","document_id":"1076EFF5","expansion_state":0,"options":{"engine":"r","label":"unnamed-chunk-98"},"row":475,"row_count":1,"visible":true},{"chunk_id":"co9koqyqkshu3","chunk_label":"unnamed-chunk-48","document_id":"1076EFF5","expansion_state":0,"options":{"engine":"r","label":"unnamed-chunk-99"},"row":486,"row_count":1,"visible":true},{"chunk_id":"cbbr05digd72m","chunk_label":"unnamed-chunk-49","document_id":"1076EFF5","expansion_state":0,"options":{"engine":"r","label":"unnamed-chunk-100"},"row":492,"row_count":1,"visible":true},{"chunk_id":"cg2bi77i25dex","chunk_label":"unnamed-chunk-50","document_id":"1076EFF5","expansion_state":0,"options":{"engine":"r","label":"unnamed-chunk-101"},"row":500,"row_count":1,"visible":true},{"chunk_id":"c0u303nijly11","chunk_label":"unnamed-chunk-51","document_id":"1076EFF5","expansion_state":0,"options":{"engine":"r","label":"unnamed-chunk-102"},"row":520,"row_count":1,"visible":true},{"chunk_id":"cq8zc1c74f8jx","chunk_label":"unnamed-chunk-52","document_id":"1076EFF5","expansion_state":0,"options":{"engine":"r","label":"unnamed-chunk-103","message":false},"row":554,"row_count":1,"visible":true},{"chunk_id":"c6zcdnulkxsk2","chunk_label":"unnamed-chunk-53","document_id":"1076EFF5","expansion_state":0,"options":{"engine":"r","label":"unnamed-chunk-104","message":false},"row":572,"row_count":1,"visible":true},{"chunk_id":"ckj4wg71ig0m0","chunk_label":"unnamed-chunk-54","document_id":"1076EFF5","expansion_state":0,"options":{"engine":"r","label":"unnamed-chunk-105","message":false},"row":587,"row_count":1,"visible":true}],"chunk_rendered_width":575,"doc_write_time":1546475480}