"0","plot_quality_vs_two_var('sulphates', 'volatile.acidity') + "
"0","  scale_x_continuous(limits = c(min(wine_reds$sulphates), "
"0","                                quantile(wine_reds$sulphates, 0.99))) +"
"0","  scale_y_continuous(limits = c(min(wine_reds$volatile.acidity), "
"0","                                quantile(wine_reds$volatile.acidity, 0.99))) +"
"0","  scale_color_brewer(type = 'div', name = 'Quality' , palette = 'Reds') +"
"0","  xlab(expression(Sulphates~(g~dm^{-3}))) + "
"0","  ylab(expression(Volatile~Acidity~(g~dm^{-3}))) + "
"0","  ggtitle('Quality vs Volatile Acidity and Sulphates') +"
"0","  theme(panel.grid.major = element_blank(), "
"0","        panel.grid.minor = element_blank(),"
"0","        panel.background = element_blank())"
