{"chunk_definitions":[{"chunk_id":"cshd7ycgs9hcj","chunk_label":"unnamed-chunk-2","document_id":"E7F56F6E","expansion_state":0,"options":{"engine":"r","label":"unnamed-chunk-2"},"row":23,"row_count":1,"visible":true},{"chunk_id":"c3j8qfgoktfij","chunk_label":"unnamed-chunk-3","document_id":"E7F56F6E","expansion_state":0,"options":{"engine":"r","label":"Data_Dimensions"},"row":31,"row_count":1,"visible":true},{"chunk_id":"c2u3h4d842cuv","chunk_label":"unnamed-chunk-4","document_id":"E7F56F6E","expansion_state":0,"options":{"engine":"r","label":"Data_Structure"},"row":37,"row_count":1,"visible":true},{"chunk_id":"cd6hsej79fy6x","chunk_label":"unnamed-chunk-5","document_id":"E7F56F6E","expansion_state":0,"options":{"engine":"r","label":"Data_Summary"},"row":41,"row_count":1,"visible":true},{"chunk_id":"c9gp5xr211f8z","chunk_label":"unnamed-chunk-6","document_id":"E7F56F6E","expansion_state":0,"options":{"engine":"r","label":"unnamed-chunk-3"},"row":51,"row_count":1,"visible":true},{"chunk_id":"chkssz35r2dk7","chunk_label":"unnamed-chunk-7","document_id":"E7F56F6E","expansion_state":0,"options":{"engine":"r","label":"unnamed-chunk-4"},"row":57,"row_count":1,"visible":true},{"chunk_id":"c8xjyhqofbsv7","chunk_label":"unnamed-chunk-8","document_id":"E7F56F6E","expansion_state":0,"options":{},"row":67,"row_count":1,"visible":true},{"chunk_id":"c3dokgugy2aub","chunk_label":"unnamed-chunk-9","document_id":"E7F56F6E","expansion_state":0,"options":{},"row":78,"row_count":1,"visible":true},{"chunk_id":"c76499bj8ah9a","chunk_label":"unnamed-chunk-10","document_id":"E7F56F6E","expansion_state":0,"options":{},"row":89,"row_count":1,"visible":true},{"chunk_id":"caz1brf8979pk","chunk_label":"unnamed-chunk-11","document_id":"E7F56F6E","expansion_state":0,"options":{},"row":94,"row_count":1,"visible":true},{"chunk_id":"ce75e7amkbuxa","chunk_label":"unnamed-chunk-12","document_id":"E7F56F6E","expansion_state":0,"options":{},"row":105,"row_count":1,"visible":true},{"chunk_id":"c3dsdd2ylvxsc","chunk_label":"unnamed-chunk-13","document_id":"E7F56F6E","expansion_state":0,"options":{},"row":115,"row_count":1,"visible":true},{"chunk_id":"ccsfnhwrvofxg","chunk_label":"unnamed-chunk-14","document_id":"E7F56F6E","expansion_state":0,"options":{},"row":123,"row_count":1,"visible":true},{"chunk_id":"c5klm1cx7340t","chunk_label":"unnamed-chunk-15","document_id":"E7F56F6E","expansion_state":0,"options":{},"row":133,"row_count":1,"visible":true},{"chunk_id":"czybm8gl5frnk","chunk_label":"unnamed-chunk-16","document_id":"E7F56F6E","expansion_state":0,"options":{},"row":142,"row_count":1,"visible":true},{"chunk_id":"czwxx5rdyo4yx","chunk_label":"unnamed-chunk-17","document_id":"E7F56F6E","expansion_state":0,"options":{},"row":152,"row_count":1,"visible":true},{"chunk_id":"cxs0i7muvxcl0","chunk_label":"unnamed-chunk-18","document_id":"E7F56F6E","expansion_state":0,"options":{},"row":162,"row_count":1,"visible":true},{"chunk_id":"caexbvety10a7","chunk_label":"unnamed-chunk-19","document_id":"E7F56F6E","expansion_state":0,"options":{},"row":171,"row_count":1,"visible":true},{"chunk_id":"cv96zuwribrtq","chunk_label":"unnamed-chunk-20","document_id":"E7F56F6E","expansion_state":0,"options":{},"row":216,"row_count":1,"visible":true},{"chunk_id":"c3ewevfu7zzwj","chunk_label":"unnamed-chunk-21","document_id":"E7F56F6E","expansion_state":0,"options":{},"row":221,"row_count":1,"visible":true},{"chunk_id":"csswjbmid7l12","chunk_label":"unnamed-chunk-22","document_id":"E7F56F6E","expansion_state":0,"options":{},"row":227,"row_count":1,"visible":true},{"chunk_id":"cl5jjhjaxgikf","chunk_label":"unnamed-chunk-23","document_id":"E7F56F6E","expansion_state":0,"options":{},"row":234,"row_count":1,"visible":true},{"chunk_id":"ckse26esskdyb","chunk_label":"unnamed-chunk-24","document_id":"E7F56F6E","expansion_state":0,"options":{},"row":240,"row_count":1,"visible":true},{"chunk_id":"cf8g7lyid7isd","chunk_label":"unnamed-chunk-25","document_id":"E7F56F6E","expansion_state":0,"options":{},"row":250,"row_count":1,"visible":true},{"chunk_id":"ceto3uv3us4ve","chunk_label":"unnamed-chunk-26","document_id":"E7F56F6E","expansion_state":0,"options":{},"row":257,"row_count":1,"visible":true},{"chunk_id":"cwh43e6sh5fm9","chunk_label":"unnamed-chunk-27","document_id":"E7F56F6E","expansion_state":0,"options":{},"row":265,"row_count":1,"visible":true},{"chunk_id":"c1effl76cf6xh","chunk_label":"unnamed-chunk-28","document_id":"E7F56F6E","expansion_state":0,"options":{},"row":273,"row_count":1,"visible":true},{"chunk_id":"cqi4rxdvtjui6","chunk_label":"unnamed-chunk-29","document_id":"E7F56F6E","expansion_state":0,"options":{},"row":280,"row_count":1,"visible":true},{"chunk_id":"cmash89y83g3d","chunk_label":"unnamed-chunk-30","document_id":"E7F56F6E","expansion_state":0,"options":{},"row":287,"row_count":1,"visible":true},{"chunk_id":"c5v7wiimuwva7","chunk_label":"unnamed-chunk-31","document_id":"E7F56F6E","expansion_state":0,"options":{},"row":295,"row_count":1,"visible":true},{"chunk_id":"cpz9rocw2dxah","chunk_label":"unnamed-chunk-32","document_id":"E7F56F6E","expansion_state":0,"options":{},"row":307,"row_count":1,"visible":true},{"chunk_id":"cki0vbxi8huxo","chunk_label":"unnamed-chunk-33","document_id":"E7F56F6E","expansion_state":0,"options":{},"row":317,"row_count":1,"visible":true},{"chunk_id":"crpm6jhso7kit","chunk_label":"unnamed-chunk-34","document_id":"E7F56F6E","expansion_state":0,"options":{},"row":323,"row_count":1,"visible":true},{"chunk_id":"c0tn2yvohhs37","chunk_label":"unnamed-chunk-35","document_id":"E7F56F6E","expansion_state":0,"options":{},"row":331,"row_count":1,"visible":true},{"chunk_id":"cf26oqt0sj6p7","chunk_label":"unnamed-chunk-36","document_id":"E7F56F6E","expansion_state":0,"options":{},"row":341,"row_count":1,"visible":true},{"chunk_id":"ctuqw6rjj53hq","chunk_label":"unnamed-chunk-37","document_id":"E7F56F6E","expansion_state":0,"options":{},"row":350,"row_count":1,"visible":true},{"chunk_id":"cbdmz4m0ek3mr","chunk_label":"unnamed-chunk-38","document_id":"E7F56F6E","expansion_state":0,"options":{},"row":359,"row_count":1,"visible":true},{"chunk_id":"cwa4prbhunoaj","chunk_label":"unnamed-chunk-39","document_id":"E7F56F6E","expansion_state":0,"options":{},"row":367,"row_count":1,"visible":true},{"chunk_id":"c4d7ew6emas7n","chunk_label":"unnamed-chunk-40","document_id":"E7F56F6E","expansion_state":0,"options":{},"row":410,"row_count":1,"visible":true},{"chunk_id":"camj91n8iz3my","chunk_label":"unnamed-chunk-41","document_id":"E7F56F6E","expansion_state":0,"options":{},"row":415,"row_count":1,"visible":true},{"chunk_id":"c7mc0jtr9iufr","chunk_label":"unnamed-chunk-42","document_id":"E7F56F6E","expansion_state":0,"options":{},"row":422,"row_count":1,"visible":true},{"chunk_id":"cqu29cbhxpf77","chunk_label":"unnamed-chunk-43","document_id":"E7F56F6E","expansion_state":0,"options":{},"row":429,"row_count":1,"visible":true},{"chunk_id":"cmi9cm0j96byr","chunk_label":"unnamed-chunk-44","document_id":"E7F56F6E","expansion_state":0,"options":{},"row":437,"row_count":1,"visible":true},{"chunk_id":"cpvu4kr3vc7q9","chunk_label":"unnamed-chunk-45","document_id":"E7F56F6E","expansion_state":0,"options":{},"row":444,"row_count":1,"visible":true},{"chunk_id":"cwx7hisiv3cs0","chunk_label":"unnamed-chunk-46","document_id":"E7F56F6E","expansion_state":0,"options":{},"row":451,"row_count":1,"visible":true},{"chunk_id":"c5zbdxtqh0lga","chunk_label":"unnamed-chunk-47","document_id":"E7F56F6E","expansion_state":0,"options":{},"row":467,"row_count":1,"visible":true},{"chunk_id":"ceskw7eb4xxzx","chunk_label":"unnamed-chunk-48","document_id":"E7F56F6E","expansion_state":0,"options":{},"row":478,"row_count":1,"visible":true},{"chunk_id":"c9he3qmrk1phr","chunk_label":"unnamed-chunk-49","document_id":"E7F56F6E","expansion_state":0,"options":{},"row":484,"row_count":1,"visible":true},{"chunk_id":"ca4oznasn5krn","chunk_label":"unnamed-chunk-50","document_id":"E7F56F6E","expansion_state":0,"options":{},"row":492,"row_count":1,"visible":true},{"chunk_id":"cfvh7r1li9vjy","chunk_label":"unnamed-chunk-51","document_id":"E7F56F6E","expansion_state":0,"options":{},"row":512,"row_count":1,"visible":true},{"chunk_id":"c1iumwn3leoc4","chunk_label":"unnamed-chunk-52","document_id":"E7F56F6E","expansion_state":0,"options":{},"row":546,"row_count":1,"visible":true},{"chunk_id":"clk3tqaa0xyel","chunk_label":"unnamed-chunk-53","document_id":"E7F56F6E","expansion_state":0,"options":{},"row":564,"row_count":1,"visible":true},{"chunk_id":"cr03klc01phww","chunk_label":"unnamed-chunk-54","document_id":"E7F56F6E","expansion_state":0,"options":{},"row":579,"row_count":1,"visible":true}],"doc_write_time":1546474687}